{
  "params": {
    "n": 4,
    "side": 4,
    "dims": 16
  },
  "per_seed": [
    {
      "seed": 1,
      "sigma_max": 37233040849.560234,
      "sigma_min": 990114.0514143041,
      "condition_number": 37604.79996862545,
      "log10_det_abs": 138.6628711396774,
      "effective_rank_1pct": 9,
      "singular_values": [
        37233040849.560234,
        20782723891.553055,
        9707029479.315115,
        4748000805.848065,
        3705165377.8340473,
        2795140019.1043744,
        1150547905.96685,
        860965897.0527061,
        589616278.4698964,
        324616638.7292285,
        130335480.13976339,
        68976873.2016162,
        51744790.83686025,
        18363329.75265525,
        7768398.886554248,
        990114.0514143041
      ],
      "lyapunov_per_step_nats": 0.7950618938993608,
      "lyapunov_total_50steps_nats": 39.75309469496804,
      "amplification_factor_e^L*50": 1.8388642287863427e+17
    },
    {
      "seed": 42,
      "sigma_max": 8626.995784958448,
      "sigma_min": 2.0838422061969454e-07,
      "condition_number": 41399467576.304115,
      "log10_det_abs": -26.731027974268187,
      "effective_rank_1pct": 1,
      "singular_values": [
        8626.995784958448,
        9.498646444612538,
        5.302267488235336,
        3.221955443409285,
        1.3986933479442523,
        0.5968548000281064,
        0.36651182317716674,
        0.1411616480211415,
        0.010770080732243344,
        0.0059128212468730745,
        0.0010601006912758666,
        0.0007181119662408456,
        0.00010192178224526139,
        2.742356140800525e-05,
        1.0880903548160743e-06,
        2.0838422061969454e-07
      ],
      "lyapunov_per_step_nats": 0.14640865407119266,
      "lyapunov_total_50steps_nats": 7.320432703559633,
      "amplification_factor_e^L*50": 1510.8575817966798
    },
    {
      "seed": 123,
      "sigma_max": 85.56515467368928,
      "sigma_min": 1.9117609967224109e-10,
      "condition_number": 447572446662.44965,
      "log10_det_abs": -83.29416243368291,
      "effective_rank_1pct": 1,
      "singular_values": [
        85.56515467368928,
        0.05497140337229228,
        0.03535544688471518,
        0.016595708144648405,
        0.007373531357068791,
        8.830084641402484e-06,
        6.291727913386846e-06,
        3.931321654781827e-06,
        1.6733221044729187e-06,
        6.273051172993155e-07,
        2.606737454772809e-07,
        4.7734139240317636e-09,
        3.3568210918283464e-09,
        2.7073660489682393e-09,
        5.036272676283571e-10,
        1.9117609967224109e-10
      ],
      "lyapunov_per_step_nats": 0.0627894771690451,
      "lyapunov_total_50steps_nats": 3.139473858452255,
      "amplification_factor_e^L*50": 23.09171415175661
    },
    {
      "seed": 777,
      "sigma_max": 51456.09958946981,
      "sigma_min": 0.0007602744956985311,
      "condition_number": 67680949.28949651,
      "log10_det_abs": 3.1364626235863424,
      "effective_rank_1pct": 1,
      "singular_values": [
        51456.09958946981,
        129.76450881242383,
        60.65119317270913,
        33.67618143454978,
        18.27065750097747,
        17.584798868561244,
        6.068646711381282,
        3.691358337148759,
        2.3446841504401523,
        0.7255131910728583,
        0.46361607207696237,
        0.02646936978989073,
        0.019214388353556967,
        0.007568619837274629,
        0.006043556364998374,
        0.0007602744956985311
      ],
      "lyapunov_per_step_nats": 0.1534784967603755,
      "lyapunov_total_50steps_nats": 7.673924838018776,
      "amplification_factor_e^L*50": 2151.50922078963
    },
    {
      "seed": 31337,
      "sigma_max": 26.775300032371888,
      "sigma_min": 1.758680969744064e-10,
      "condition_number": 152246487526.77652,
      "log10_det_abs": -122.64951387018341,
      "effective_rank_1pct": 1,
      "singular_values": [
        26.775300032371888,
        3.86986934360577e-06,
        3.8303653352073494e-07,
        1.4269071664986365e-07,
        1.36843728441046e-07,
        3.204157612031593e-09,
        2.747852321274614e-09,
        2.3465359169949307e-09,
        1.714341289913313e-09,
        1.5808320808726571e-09,
        1.3336701975267604e-09,
        1.1165846632404978e-09,
        8.308277842526931e-10,
        6.154968741726026e-10,
        3.85667587843736e-10,
        1.758680969744064e-10
      ],
      "lyapunov_per_step_nats": 0.038554887693649606,
      "lyapunov_total_50steps_nats": 1.9277443846824802,
      "amplification_factor_e^L*50": 6.873987669806816
    }
  ],
  "summary": {
    "mean_sigma_max": 7446620208.999212,
    "mean_condition_number": 128257224063.92395,
    "mean_lyapunov_per_step_nats": 0.23925868191872474,
    "interpretation": "sigma_max>>1 and positive Lyapunov => expansive/chaotic map; a last-ULP (~1e-16) difference is amplified by ~exp(L*50), which explains the a6 reassociation commitment flip. Large condition number => direct linear inversion is ill-posed."
  },
  "newton_inversion_given_psistar": {
    "note": "Newton/LM in psi0-space given the true psi* (an upper bound on an attacker who already has psi*; the real attacker only has C).",
    "best": {
      "residual": 2011.1199677977556,
      "distance_to_true_psi0": 989.1355698615913,
      "recovered_equals_true": false
    }
  }
}