{
  "by_T": {
    "1": {
      "T": 1,
      "dependency_matrix_summary": {
        "frac_above_0.9": 0.001007080078125,
        "frac_below_0.1": 0.80548095703125,
        "frac_in_0.4_0.6": 0.0498199462890625,
        "max": 1.0,
        "mean": 0.0779125507061298,
        "min": 0.0
      },
      "hd": {
        "max": 37,
        "mean": 19.94561298076923,
        "median": 19.0,
        "min": 4,
        "n": 3328,
        "p1": 10.0,
        "p5": 13.0,
        "p95": 29.0,
        "p99": 33.0,
        "std": 4.905757139303932
      },
      "higher_order": {
        "four_bit_hd": {
          "max": 56,
          "mean": 44.375,
          "median": 43.5,
          "min": 29,
          "n": 32,
          "p1": 30.86,
          "p5": 36.1,
          "p95": 55.0,
          "p99": 55.69,
          "std": 5.930588082138229
        },
        "two_bit_hd": {
          "max": 50,
          "mean": 32.171875,
          "median": 32.0,
          "min": 19,
          "n": 64,
          "p1": 19.0,
          "p5": 22.0,
          "p95": 43.849999999999994,
          "p99": 46.84999999999999,
          "std": 6.972164942424627
        }
      },
      "n_single_bit_pairs": 3328,
      "output_bit_flip_prob": {
        "max": 0.3801081730769231,
        "mean": 0.07791255070612982,
        "min": 0.0,
        "worst_bit": 12,
        "worst_bit_prob": 0.0
      },
      "runtime_s": 1.67,
      "worst": {
        "max_hd": 37,
        "max_input": {
          "bit": 90,
          "family": "rand5"
        },
        "min_hd": 4,
        "min_input": {
          "bit": 14,
          "family": "rand7"
        }
      }
    },
    "12": {
      "T": 12,
      "dependency_matrix_summary": {
        "frac_above_0.9": 0.0019073486328125,
        "frac_below_0.1": 0.0018463134765625,
        "frac_in_0.4_0.6": 0.4178314208984375,
        "max": 1.0,
        "mean": 0.4998614971454327,
        "min": 0.0
      },
      "hd": {
        "max": 156,
        "mean": 127.96454326923077,
        "median": 128.0,
        "min": 97,
        "n": 3328,
        "p1": 109.0,
        "p5": 115.0,
        "p95": 142.0,
        "p99": 147.0,
        "std": 8.162189594348401
      },
      "higher_order": {
        "four_bit_hd": {
          "max": 142,
          "mean": 129.40625,
          "median": 130.5,
          "min": 119,
          "n": 32,
          "p1": 119.0,
          "p5": 119.55,
          "p95": 140.45,
          "p99": 141.69,
          "std": 6.679536730754611
        },
        "two_bit_hd": {
          "max": 141,
          "mean": 129.40625,
          "median": 129.0,
          "min": 113,
          "n": 64,
          "p1": 114.89,
          "p5": 120.15,
          "p95": 138.85,
          "p99": 141.0,
          "std": 6.365725483988451
        }
      },
      "n_single_bit_pairs": 3328,
      "output_bit_flip_prob": {
        "max": 0.5246394230769231,
        "mean": 0.4998614971454327,
        "min": 0.47506009615384615,
        "worst_bit": 214,
        "worst_bit_prob": 0.47506009615384615
      },
      "runtime_s": 10.95,
      "worst": {
        "max_hd": 156,
        "max_input": {
          "bit": 117,
          "family": "rand2"
        },
        "min_hd": 97,
        "min_input": {
          "bit": 167,
          "family": "rand3"
        }
      }
    },
    "16": {
      "T": 16,
      "dependency_matrix_summary": {
        "frac_above_0.9": 0.001800537109375,
        "frac_below_0.1": 0.0017852783203125,
        "frac_in_0.4_0.6": 0.417144775390625,
        "max": 1.0,
        "mean": 0.5002218393179086,
        "min": 0.0
      },
      "hd": {
        "max": 155,
        "mean": 128.0567908653846,
        "median": 128.0,
        "min": 102,
        "n": 3328,
        "p1": 110.0,
        "p5": 115.0,
        "p95": 141.0,
        "p99": 147.0,
        "std": 7.990534261135365
      },
      "higher_order": {
        "four_bit_hd": {
          "max": 146,
          "mean": 128.875,
          "median": 130.0,
          "min": 101,
          "n": 32,
          "p1": 103.79,
          "p5": 113.3,
          "p95": 140.45,
          "p99": 144.45000000000002,
          "std": 8.702549913674726
        },
        "two_bit_hd": {
          "max": 159,
          "mean": 128.234375,
          "median": 127.0,
          "min": 110,
          "n": 64,
          "p1": 110.63,
          "p5": 113.15,
          "p95": 143.85,
          "p99": 150.17999999999995,
          "std": 9.856378308454632
        }
      },
      "n_single_bit_pairs": 3328,
      "output_bit_flip_prob": {
        "max": 0.5237379807692307,
        "mean": 0.5002218393179086,
        "min": 0.47506009615384615,
        "worst_bit": 240,
        "worst_bit_prob": 0.47506009615384615
      },
      "runtime_s": 14.68,
      "worst": {
        "max_hd": 155,
        "max_input": {
          "bit": 105,
          "family": "ff"
        },
        "min_hd": 102,
        "min_input": {
          "bit": 167,
          "family": "rand3"
        }
      }
    },
    "2": {
      "T": 2,
      "dependency_matrix_summary": {
        "frac_above_0.9": 0.001190185546875,
        "frac_below_0.1": 0.36920166015625,
        "frac_in_0.4_0.6": 0.1866455078125,
        "max": 1.0,
        "mean": 0.2622809776893029,
        "min": 0.0
      },
      "hd": {
        "max": 91,
        "mean": 67.14393028846153,
        "median": 67.0,
        "min": 43,
        "n": 3328,
        "p1": 50.0,
        "p5": 55.0,
        "p95": 80.0,
        "p99": 85.0,
        "std": 7.478656677952182
      },
      "higher_order": {
        "four_bit_hd": {
          "max": 109,
          "mean": 95.3125,
          "median": 96.0,
          "min": 81,
          "n": 32,
          "p1": 82.24,
          "p5": 85.55,
          "p95": 105.35,
          "p99": 108.38,
          "std": 6.336587705539946
        },
        "two_bit_hd": {
          "max": 101,
          "mean": 82.78125,
          "median": 85.0,
          "min": 63,
          "n": 64,
          "p1": 63.63,
          "p5": 67.15,
          "p95": 96.85,
          "p99": 99.74,
          "std": 9.608701704054507
        }
      },
      "n_single_bit_pairs": 3328,
      "output_bit_flip_prob": {
        "max": 0.4963942307692308,
        "mean": 0.2622809776893029,
        "min": 0.0,
        "worst_bit": 44,
        "worst_bit_prob": 0.0
      },
      "runtime_s": 2.22,
      "worst": {
        "max_hd": 91,
        "max_input": {
          "bit": 90,
          "family": "rand5"
        },
        "min_hd": 43,
        "min_input": {
          "bit": 102,
          "family": "rand6"
        }
      }
    },
    "24": {
      "T": 24,
      "dependency_matrix_summary": {
        "frac_above_0.9": 0.001556396484375,
        "frac_below_0.1": 0.0019989013671875,
        "frac_in_0.4_0.6": 0.4203033447265625,
        "max": 1.0,
        "mean": 0.49993074857271635,
        "min": 0.0
      },
      "hd": {
        "max": 154,
        "mean": 127.98227163461539,
        "median": 128.0,
        "min": 97,
        "n": 3328,
        "p1": 109.0,
        "p5": 114.0,
        "p95": 141.0,
        "p99": 146.73000000000002,
        "std": 8.161234919826732
      },
      "higher_order": {
        "four_bit_hd": {
          "max": 145,
          "mean": 129.59375,
          "median": 130.0,
          "min": 111,
          "n": 32,
          "p1": 112.24,
          "p5": 115.55,
          "p95": 140.45,
          "p99": 143.76,
          "std": 7.877417783607773
        },
        "two_bit_hd": {
          "max": 145,
          "mean": 128.015625,
          "median": 129.0,
          "min": 105,
          "n": 64,
          "p1": 106.26,
          "p5": 113.3,
          "p95": 138.85,
          "p99": 144.37,
          "std": 8.29060497547525
        }
      },
      "n_single_bit_pairs": 3328,
      "output_bit_flip_prob": {
        "max": 0.5243389423076923,
        "mean": 0.4999307485727163,
        "min": 0.4768629807692308,
        "worst_bit": 31,